-- phpMyAdmin SQL Dump
-- version 4.7.3
-- https://www.phpmyadmin.net/
--
-- Хост: 127.0.0.1:3306
-- Время создания: Дек 03 2017 г., 16:33
-- Версия сервера: 5.6.37
-- Версия PHP: 5.5.38

SET SQL_MODE = "NO_AUTO_VALUE_ON_ZERO";
SET AUTOCOMMIT = 0;
START TRANSACTION;
SET time_zone = "+00:00";


/*!40101 SET @OLD_CHARACTER_SET_CLIENT=@@CHARACTER_SET_CLIENT */;
/*!40101 SET @OLD_CHARACTER_SET_RESULTS=@@CHARACTER_SET_RESULTS */;
/*!40101 SET @OLD_COLLATION_CONNECTION=@@COLLATION_CONNECTION */;
/*!40101 SET NAMES utf8mb4 */;

--
-- База данных: `kpiz`
--

-- --------------------------------------------------------

--
-- Структура таблицы `comments`
--

CREATE TABLE `comments` (
  `id` int(11) NOT NULL,
  `created` date NOT NULL,
  `author` varchar(32) NOT NULL,
  `comment` varchar(255) NOT NULL,
  `note_id` int(11) NOT NULL
) ENGINE=InnoDB DEFAULT CHARSET=utf8;

--
-- Дамп данных таблицы `comments`
--

INSERT INTO `comments` (`id`, `created`, `author`, `comment`, `note_id`) VALUES
(1, '2017-11-26', 'valentyn28', 'test', 2),
(2, '2017-11-26', 'valentyn29', 'test', 2),
(3, '2017-11-26', 'valentyn29', 'Слава Сітісу', 2),
(4, '2017-11-26', 'valentyn29', 'test', 2),
(5, '2017-11-26', 'valentyn30', 'test', 4),
(6, '2017-11-26', 'valentyn29', 'test', 5),
(7, '2017-11-27', 'valentyn30', 'test', 5),
(8, '2017-11-27', 'valentyn30', 'test', 2),
(9, '2017-11-27', 'sasha', 'test', 2),
(10, '2017-11-28', 'valentyn29', 'test', 2);

-- --------------------------------------------------------

--
-- Структура таблицы `fav`
--

CREATE TABLE `fav` (
  `fav_id` int(11) NOT NULL,
  `note_id` int(11) NOT NULL,
  `user_id` int(11) NOT NULL
) ENGINE=InnoDB DEFAULT CHARSET=utf8;

--
-- Дамп данных таблицы `fav`
--

INSERT INTO `fav` (`fav_id`, `note_id`, `user_id`) VALUES
(20, 7, 2),
(21, 4, 2),
(22, 5, 4),
(24, 2, 2),
(25, 5, 2);

-- --------------------------------------------------------

--
-- Структура таблицы `notes`
--

CREATE TABLE `notes` (
  `id` int(11) NOT NULL,
  `created` date NOT NULL,
  `title` varchar(800) NOT NULL,
  `article` varchar(3000) NOT NULL
) ENGINE=InnoDB DEFAULT CHARSET=utf8;

--
-- Дамп данных таблицы `notes`
--

INSERT INTO `notes` (`id`, `created`, `title`, `article`) VALUES
(2, '2017-11-26', 'Алдуін є, і він не Акатош', 'A мій тато завжди говорив - імперці все ідіоти!\r\nПоетаму я пишу цю книгу. Я неписані книгу раніше і не думаю що буду писати книги іщераз. Але іноді норд повинен сказати і норд повинен зробити. І я повинен всенапісать правильно про бога Акатоша і дракона Алдуіна. Вони неоднозначних і теж, мені все одно що говорять імперці або що вони хочуть щоб це було так.\r\nМій тато ніколи шибко недумаючих про богів, але мама так. Вона молилася всім Богам і навчила мене багатьом речам. Так що я знаю про Акатоша багато. Чи не менше ніж імперці. Я знаю що він перший бог який прийняв форму в Первинному Місці. І я знаю що він у формі дракона.\r\nМій тато навіть розповідається мені про Мартині Септимию і що сталося коли відкрилися ворота Облівіона. Септем став духом Акатоша і вбив Мерунесдагона. Незнаю як вам але мені подобається дракон який переміг Принца Руйнування.\r\nТепер ви, сподіваюся все панімаіті. Акатош хороший. Все норди це знають і навіть імперці і інші. А Алдуіна роз хороший? Немає і есчо раз немає! Алдуіна злий до мозгакастей. Ну і значитца німогут Алдуіна і Акатош бути одінм і темже.\r\nЯ виріс в Скайріме і всі ці розповідь знаю. Папа розповідається мені, йому розповідається його тато якому розповідається його тато і ще далі. І один з расказа був про Алдуіна. Але він не Акатош. Він інший дракон, злий дракон.\r\nЯ думаю що Акатош какойто духовний дракон коли він вооще хоче бути драконом (а не богом який живе в місці з іншими богами як Аблівіон). А Алдуіна справжній дракон з лускою і зубами і вихваляючись длінеее ніж Біла річка. І був час коли Алдуіна намагався захопити весь Скайрім з іншими драконами. Але магучіи герої його всетаки вбили, Алдуіна і його вся історія закінчилася.\r\nНу я запитую - це що, схоже на Акатоша? Ні, друзі. Це не схоже.\r\nІ тому я Тромгар Железноголовий твердо говою що, з усією убіжденнностію, що Алдіун є і він не Акатош !!'),
(4, '2017-11-26', 'dsasd', 'adasd'),
(5, '2017-11-26', '', ''),
(7, '2017-11-28', 'Брати Темряви', 'Як і випливає з самої назви, історія Темного Братства оповита таємницями. Їхні шляхи приховані від усіх, хто не є так званими братами ( брат - загальне поняття, деякі з найстрашніших вбивць - жінки, але їх теж називають братами). Вони завжди залишаються в тіні, але при цьому їх легко знаходять ті, хто захоче сплатити їх послуги - і це не остання з них таємниць.\r\nКоріння Темного Братства лежать в релігійному культі Мораг Тонг, їх відділення відбулося у Другій ері. Члени Мораг Тонг поклонялися лорду даедра Мефале, яка заохочувала здійснюються ними ритуальні вбивства. Спочатку вони були звичайним неорганізованим релігійним культом. У них не було вождя, і вони не наважувалися на вбивства тих, хто мав хоч якусь значимість. Все змінилося з появою Матері Ночі.\r\nВсіх лідерів Мораг Тонг і, згодом, Темного Братства, називали Матерями Ночі. Командувала чи Темним Братством одна і та ж жінка з часів Другої ери (якщо це взагалі жінка), невідомо. Але абсолютно ясно, що перша Мати Ночі доклала чимало зусиль для розвитку вірувань Мораг Тонг. Згідно з цим вченням, Мефа стає сильнішою з кожним вбивством, вчиненим заради неї, але деякі вбивства \"краще\", ніж інші. Вбивства, вчинені з ненависті, приємніші Мефале, ніж вбивства заради наживи. Вбивства відомих чоловіків і жінок подобаються їй більше, ніж вбивства порівняно невідомих людей.\r\nМи можемо приблизно визначити час, коли було прийнято це вчення за першим гучного вбивства, повязують з Мораг Тонг. У 324 році Другий ери, потентат Версідью-Шайе був убитий в своєму палаці, що нині знаходиться на території ельсвейрского королівства Сенчал. Мати Ночі розкрила приналежність вбивць до свого культу, написавши \"Моразі ТОНГ\" на стіні кровю потентата.\r\nДо цього часу Мораг Тонг існував у відносному спокої, подібно Ковен відьом - іноді їх переслідували, але зазвичай закривали очі на їхнє існування. З дивовижною синхронністю, з огляду на те, що тоді Тамріель складався з розрізнених держав, Мораг Тонг був оголошений поза законом по всьому континенту. Всі володарі вважали своїм найпершим завданням знищення цього культу. Протягом сотні років про нього нічого не було чутно.'),
(8, '2017-11-28', 'dsad', 'dadas');

-- --------------------------------------------------------

--
-- Структура таблицы `users`
--

CREATE TABLE `users` (
  `id` int(11) NOT NULL,
  `login` varchar(32) NOT NULL,
  `password` varchar(32) NOT NULL,
  `privileg` tinyint(1) NOT NULL
) ENGINE=InnoDB DEFAULT CHARSET=utf8;

--
-- Дамп данных таблицы `users`
--

INSERT INTO `users` (`id`, `login`, `password`, `privileg`) VALUES
(1, 'valentyn28', 'b59c67bf196a4758191e42f76670ceba', 0),
(2, 'valentyn29', '915a02bafbd9a51a0618a23dbfc27798', 0),
(3, 'valentyn30', '80c8785c914443c8f5651396363ea84d', 0),
(4, 'admin', '36e1a5072c78359066ed7715f5ff3da8', 1),
(5, 'sasha', '481f693417e9a74e783caea72063b606', 0),
(11, 'petch', 'f9c55a424b5b718665ba57905f89dc39', 0),
(13, 'valentyn41', '3eb1e8c4660b0f6bb3e41dbc95f9a565', 0),
(14, 'andriy', '19b68cc2fb667f2bd2a83c88979ee2cb', 0),
(15, 'andriy1', '19b68cc2fb667f2bd2a83c88979ee2cb', 0),
(16, 'admin1', 'e00cf25ad42683b3df678c61f42c6bda', 1),
(17, 'oleksa', '1f3b89ddae2795a6a43155f03de0957d', 0),
(18, '123456', 'e10adc3949ba59abbe56e057f20f883e', 0);

--
-- Индексы сохранённых таблиц
--

--
-- Индексы таблицы `comments`
--
ALTER TABLE `comments`
  ADD PRIMARY KEY (`id`),
  ADD KEY `note_id` (`note_id`);

--
-- Индексы таблицы `fav`
--
ALTER TABLE `fav`
  ADD PRIMARY KEY (`fav_id`);

--
-- Индексы таблицы `notes`
--
ALTER TABLE `notes`
  ADD PRIMARY KEY (`id`),
  ADD KEY `id` (`id`);

--
-- Индексы таблицы `users`
--
ALTER TABLE `users`
  ADD PRIMARY KEY (`id`),
  ADD UNIQUE KEY `login_index` (`login`),
  ADD KEY `login` (`login`),
  ADD KEY `login_2` (`login`);

--
-- AUTO_INCREMENT для сохранённых таблиц
--

--
-- AUTO_INCREMENT для таблицы `comments`
--
ALTER TABLE `comments`
  MODIFY `id` int(11) NOT NULL AUTO_INCREMENT, AUTO_INCREMENT=11;
--
-- AUTO_INCREMENT для таблицы `fav`
--
ALTER TABLE `fav`
  MODIFY `fav_id` int(11) NOT NULL AUTO_INCREMENT, AUTO_INCREMENT=26;
--
-- AUTO_INCREMENT для таблицы `notes`
--
ALTER TABLE `notes`
  MODIFY `id` int(11) NOT NULL AUTO_INCREMENT, AUTO_INCREMENT=9;
--
-- AUTO_INCREMENT для таблицы `users`
--
ALTER TABLE `users`
  MODIFY `id` int(11) NOT NULL AUTO_INCREMENT, AUTO_INCREMENT=19;
--
-- Ограничения внешнего ключа сохраненных таблиц
--

--
-- Ограничения внешнего ключа таблицы `comments`
--
ALTER TABLE `comments`
  ADD CONSTRAINT `comments_ibfk_1` FOREIGN KEY (`note_id`) REFERENCES `notes` (`id`);
COMMIT;

/*!40101 SET CHARACTER_SET_CLIENT=@OLD_CHARACTER_SET_CLIENT */;
/*!40101 SET CHARACTER_SET_RESULTS=@OLD_CHARACTER_SET_RESULTS */;
/*!40101 SET COLLATION_CONNECTION=@OLD_COLLATION_CONNECTION */;
